{
  "inform_service_type": {
    "precision": 0.7142857142857143,
    "recall": 0.625,
    "f1-score": 0.6666666666666666,
    "support": 8,
    "confused_with": {
      "internet_problem": 2,
      "ask_service_types": 1
    }
  },
  "inform_account_type": {
    "precision": 0.6666666666666666,
    "recall": 0.5714285714285714,
    "f1-score": 0.6153846153846153,
    "support": 7,
    "confused_with": {
      "ask_account_types": 2,
      "inform_topic_type": 1
    }
  },
  "forgot_credentials": {
    "precision": 0.7741935483870968,
    "recall": 0.8421052631578947,
    "f1-score": 0.8067226890756302,
    "support": 57,
    "confused_with": {
      "log_in": 6,
      "greet": 1
    }
  },
  "confirm_exists": {
    "precision": 0.8823529411764706,
    "recall": 0.8823529411764706,
    "f1-score": 0.8823529411764706,
    "support": 17,
    "confused_with": {
      "goodbye": 1,
      "change_language": 1
    }
  },
  "mood_great": {
    "precision": 0.625,
    "recall": 0.5882352941176471,
    "f1-score": 0.6060606060606061,
    "support": 51,
    "confused_with": {
      "affirm": 6,
      "stop": 3
    }
  },
  "mood_unhappy": {
    "precision": 0.55,
    "recall": 0.7857142857142857,
    "f1-score": 0.6470588235294117,
    "support": 14,
    "confused_with": {
      "mood_great": 2,
      "internet_problem": 1
    }
  },
  "bot_challenge": {
    "precision": 0.675,
    "recall": 0.675,
    "f1-score": 0.675,
    "support": 40,
    "confused_with": {
      "how_are_you": 6,
      "out_of_scope": 3
    }
  },
  "inform_topic_type": {
    "precision": 0.8076923076923077,
    "recall": 0.7241379310344828,
    "f1-score": 0.7636363636363636,
    "support": 29,
    "confused_with": {
      "ask_account_types": 2,
      "ask_service_types": 1
    }
  },
  "out_of_scope": {
    "precision": 0.6923076923076923,
    "recall": 0.6206896551724138,
    "f1-score": 0.6545454545454545,
    "support": 58,
    "confused_with": {
      "bot_challenge": 4,
      "get_weather": 3
    }
  },
  "how_are_you": {
    "precision": 0.5333333333333333,
    "recall": 0.64,
    "f1-score": 0.5818181818181818,
    "support": 25,
    "confused_with": {
      "bot_challenge": 4,
      "affirm": 1
    }
  },
  "affirm": {
    "precision": 0.5,
    "recall": 0.4727272727272727,
    "f1-score": 0.48598130841121495,
    "support": 55,
    "confused_with": {
      "deny": 8,
      "stop": 7
    }
  },
  "internet_problem": {
    "precision": 0.7272727272727273,
    "recall": 0.7272727272727273,
    "f1-score": 0.7272727272727273,
    "support": 55,
    "confused_with": {
      "query_quota": 7,
      "out_of_scope": 2
    }
  },
  "thanks": {
    "precision": 0.6470588235294118,
    "recall": 0.6875,
    "f1-score": 0.6666666666666667,
    "support": 32,
    "confused_with": {
      "out_of_scope": 3,
      "deny": 2
    }
  },
  "greet": {
    "precision": 0.7818181818181819,
    "recall": 0.6935483870967742,
    "f1-score": 0.7350427350427351,
    "support": 62,
    "confused_with": {
      "out_of_scope": 3,
      "deny": 3
    }
  },
  "goodbye": {
    "precision": 0.6956521739130435,
    "recall": 0.42105263157894735,
    "f1-score": 0.5245901639344263,
    "support": 38,
    "confused_with": {
      "affirm": 5,
      "mood_great": 4
    }
  },
  "ask_service_types": {
    "precision": 0.7804878048780488,
    "recall": 1.0,
    "f1-score": 0.8767123287671234,
    "support": 32,
    "confused_with": {}
  },
  "demand_joke": {
    "precision": 1.0,
    "recall": 0.8,
    "f1-score": 0.888888888888889,
    "support": 10,
    "confused_with": {
      "mood_unhappy": 1,
      "change_language": 1
    }
  },
  "change_language": {
    "precision": 0.9423076923076923,
    "recall": 0.9423076923076923,
    "f1-score": 0.9423076923076923,
    "support": 52,
    "confused_with": {
      "need_help": 1,
      "ask_topic_types": 1
    }
  },
  "deny": {
    "precision": 0.47540983606557374,
    "recall": 0.5178571428571429,
    "f1-score": 0.4957264957264957,
    "support": 56,
    "confused_with": {
      "affirm": 4,
      "forgot_credentials": 4
    }
  },
  "query_quota": {
    "precision": 0.8026315789473685,
    "recall": 0.8840579710144928,
    "f1-score": 0.8413793103448277,
    "support": 69,
    "confused_with": {
      "internet_problem": 3,
      "greet": 1
    }
  },
  "faq": {
    "precision": 0.9,
    "recall": 1.0,
    "f1-score": 0.9473684210526316,
    "support": 27,
    "confused_with": {}
  },
  "get_weather": {
    "precision": 0.9482758620689655,
    "recall": 0.9649122807017544,
    "f1-score": 0.9565217391304347,
    "support": 57,
    "confused_with": {
      "out_of_scope": 1,
      "faq": 1
    }
  },
  "log_in": {
    "precision": 0.5833333333333334,
    "recall": 0.5833333333333334,
    "f1-score": 0.5833333333333334,
    "support": 24,
    "confused_with": {
      "forgot_credentials": 5,
      "deny": 2
    }
  },
  "stop": {
    "precision": 0.42857142857142855,
    "recall": 0.6,
    "f1-score": 0.5,
    "support": 20,
    "confused_with": {
      "affirm": 3,
      "mood_great": 1
    }
  },
  "ask_account_types": {
    "precision": 0.6956521739130435,
    "recall": 0.45714285714285713,
    "f1-score": 0.5517241379310345,
    "support": 35,
    "confused_with": {
      "deny": 7,
      "ask_topic_types": 5
    }
  },
  "ask_topic_types": {
    "precision": 0.803030303030303,
    "recall": 0.9298245614035088,
    "f1-score": 0.8617886178861788,
    "support": 57,
    "confused_with": {
      "need_help": 2,
      "ask_account_types": 1
    }
  },
  "need_help": {
    "precision": 0.6666666666666666,
    "recall": 0.5,
    "f1-score": 0.5714285714285715,
    "support": 28,
    "confused_with": {
      "affirm": 2,
      "forgot_credentials": 2
    }
  },
  "accuracy": 0.7192118226600985,
  "macro avg": {
    "precision": 0.7147778070431507,
    "recall": 0.7087481777495656,
    "f1-score": 0.7057770177784589,
    "support": 1015
  },
  "weighted avg": {
    "precision": 0.7209843798448132,
    "recall": 0.7192118226600985,
    "f1-score": 0.7153779133392715,
    "support": 1015
  }
}