{
  "faq/check_bill": {
    "precision": 1.0,
    "recall": 1.0,
    "f1-score": 1.0,
    "support": 5,
    "confused_with": {}
  },
  "faq/available_payment_methods": {
    "precision": 0.6666666666666666,
    "recall": 0.8,
    "f1-score": 0.7272727272727272,
    "support": 5,
    "confused_with": {
      "faq/change_payment_method": 1
    }
  },
  "faq/change_payment_method": {
    "precision": 0.75,
    "recall": 0.8571428571428571,
    "f1-score": 0.7999999999999999,
    "support": 7,
    "confused_with": {
      "faq/available_payment_methods": 1
    }
  },
  "faq/buy_prepaid_card": {
    "precision": 1.0,
    "recall": 0.6666666666666666,
    "f1-score": 0.8,
    "support": 6,
    "confused_with": {
      "faq/change_payment_method": 1,
      "faq/available_payment_methods": 1
    }
  },
  "faq/get_bill": {
    "precision": 1.0,
    "recall": 1.0,
    "f1-score": 1.0,
    "support": 4,
    "confused_with": {}
  },
  "accuracy": 0.8518518518518519,
  "macro avg": {
    "precision": 0.8833333333333332,
    "recall": 0.8647619047619047,
    "f1-score": 0.8654545454545455,
    "support": 27
  },
  "weighted avg": {
    "precision": 0.8734567901234568,
    "recall": 0.8518518518518519,
    "f1-score": 0.8531986531986533,
    "support": 27
  }
}